Run,Efficiency,Mass,EuclideanDist
1,97.2838204990033,539.476523473837,539.483361198934
