Run,Efficiency,Mass,EuclideanDist
1,97.4111627460274,427.261025911574,427.268868911998
