Run,Efficiency,Mass,EuclideanDist
1,97.4019823779405,438.270994772251,438.278695072237
