Run,Efficiency,Mass,EuclideanDist
1,97.4102959471214,437.433041433593,437.440707187757
